{
  "teams": [
    {"name": "先攻チーム", "token": ""},
    {"name": "後攻チーム", "token": ""}
  ],
  "match": {
    "id": 10,
    "turns": 30,
    "turnSeconds": 3, 
    "bonus": {
      "wall": 10,
      "territory": 30,
      "castle": 100
    },
    "board": {
      "width": 11,
      "height": 11,
      "mason": 2,
      "structures": [
        [ 0, 0, 0, 0, 0, 0, 0, 0, 0, 0, 0],
        [ 0, 1, 0, 0, 1, 0, 1, 0, 0, 1, 0],
        [ 0, 0, 2, 0, 0, 1, 0, 0, 2, 0, 0],
        [ 0, 0, 0, 1, 0, 0, 0, 1, 0, 0, 0],
        [ 0, 1, 0, 0, 2, 0, 2, 0, 0, 1, 0],
        [ 0, 0, 1, 0, 0, 1, 0, 0, 1, 0, 0],
        [ 0, 1, 0, 0, 2, 0, 2, 0, 0, 1, 0],
        [ 0, 0, 0, 1, 0, 0, 0, 1, 0, 0, 0],
        [ 0, 0, 2, 0, 0, 1, 0, 0, 2, 0, 0],
        [ 0, 1, 0, 0, 1, 0, 1, 0, 0, 1, 0],
        [ 0, 0, 0, 0, 0, 0, 0, 0, 0, 0, 0]
      ],
      "masons": [
        [ 0, 0, 0, 0, 0, 0, 0, 0, 0, 0, 0],
        [ 0, 0, 0, 0, 0, 1, 0, 0, 0, 0, 0],
        [ 0, 0, 0, 0, 0, 0, 0, 0, 0, 0, 0],
        [ 0, 0, 0, 0, 0, 0, 0, 0, 0, 0, 0],
        [ 0, 0, 0, 0, 0, 0, 0, 0, 0, 0, 0],
        [ 0,-1, 0, 0, 0, 0, 0, 0, 0,-2, 0],
        [ 0, 0, 0, 0, 0, 0, 0, 0, 0, 0, 0],
        [ 0, 0, 0, 0, 0, 0, 0, 0, 0, 0, 0],
        [ 0, 0, 0, 0, 0, 0, 0, 0, 0, 0, 0],
        [ 0, 0, 0, 0, 0, 2, 0, 0, 0, 0, 0],
        [ 0, 0, 0, 0, 0, 0, 0, 0, 0, 0, 0]
      ]
    }
  }
}